[
    {
        "articul": "284s",
        "title": "Apple",
        "cost": 50,
        "image": "https://cdn0.iconfinder.com/data/icons/fruity-3/512/Apple-64.png"
    },
    {
        "articul": "778d",
        "title": "Lemon",
        "cost": 100,
        "image": "https://cdn0.iconfinder.com/data/icons/fruity-3/512/Lemon-64.png"
    },
    {
        "articul": "128ba",
        "title": "Banana",
        "cost": 150,
        "image": "https://cdn0.iconfinder.com/data/icons/fruity-3/512/Banana-1024.png"
    },
    {
        "articul": "898st",
        "title": "Strawberry",
        "cost": 200,
        "image": "https://cdn0.iconfinder.com/data/icons/fruity-3/512/Strawberry-512.png"
    }

]
